id,prompt,model_response,test_case,round,timestamp,actual_query
e087b447-aae8-418b-8661-9120be81ebc7,My laptop won't turn on after the latest software update,"I'm sorry to hear that your laptop isn't turning on after the latest software update. I'll do my best to help you resolve this issue.

Tool Call Response:
```json
{
    ""response_text"": ""I understand that your laptop isn't turning on after the recent software update. To troubleshoot this issue, I'll need you to provide some additional information. Could you please confirm the make and model of your laptop?"",
    ""response_type"": ""clarification"",
    ""next_steps"": [
        ""verify laptop make and model"",
        ""check for known issues"",
        ""guide through troubleshooting steps""
    ]
}
```",conversation,1,2025-01-27T21:43:18.952583,My laptop won't turn on after the latest software update
b35466cd-276d-4b68-adfc-f1141cf4080d,"I need help with my recent billing statement, can you explain the charges?","I understand that you're seeking clarification about the charges on your recent billing statement. To provide you with an accurate explanation, I'll need to review your account details.

Tool Call Response:
```json
{
    ""response_text"": ""I'd be happy to help you understand the charges on your billing statement. To do so, I'll need to review your account. Could you please provide the account number or email address associated with the account?"",
    ""response_type"": ""clarification"",
    ""next_steps"": [
        ""review account details"",
        ""generate billing explanation""
    ]
}
```",conversation,1,2025-01-27T21:43:25.889496,"I need help with my recent billing statement, can you explain the charges?"
fa73098d-87d3-4fd8-aefb-ece5578a18ab,What are the key features of your new smartwatch model?,"Dear Customer,

Thank you for reaching out to us with your inquiry about our new smartwatch model. I'm delighted to provide you with more information on this exciting new product.

Our latest smartwatch model offers the following key features:

1. **Advanced Health Tracking**: The watch includes an SpO2 sensor for blood oxygen monitoring, a heart rate monitor, sleep tracking, and even stress management features.

2. **Enhanced Connectivity**: With built-in GPS, LTE connectivity, and NFC for contactless payments, this smartwatch ensures you're always connected, no matter where your day takes you.

3. **Extended Battery Life**: Enjoy up to two weeks of battery life in smartwatch mode, or up to 20 hours in GPS mode, thanks to our efficient power management system.

4. **Interactive Display**: The smartwatch boasts a vibrant, always-on AMOLED display that's easy to read, even in bright sunlight.

5. **Customizable Design**: With a wide range of straps and watch faces to choose from, you can personalize your smartwatch to match your unique style.

6. **Water Resistance**: The watch is water-resistant up to 50 meters, making it perfect for swimming, showering, or any other water-based activities.

7. **Integrated Apps**: Stay organized with apps for calendar, weather, and music control, all seamlessly integrated into the smartwatch.

To help you get started with your new smartwatch, here are the next steps:

1. **Charge your smartwatch**: Plug in the charger provided and connect it to your smartwatch. The watch will automatically turn on once it's fully charged.

2. **Download the companion app**: Search for our smartwatch app in your mobile device's app store and follow the installation instructions.

3. **Pair your smartwatch**: Open the companion app and follow the on-screen instructions to pair your smartwatch with your mobile device.

4. **Personalize your smartwatch**: Customize your watch face, choose your preferred strap, and set up your health tracking preferences in the companion app.

Should you have any further questions or need additional clarification, please don't hesitate to ask. We're here to help!

Best regards,
[Your Name]
Customer Service Agent",conversation,1,2025-01-27T21:43:33.262064,What are the key features of your new smartwatch model?
d3e62ee5-6f8e-49d1-87c3-239bd86f1e1d,I need help resetting my account password,"I understand that you need assistance with resetting your account password. To help you with this, I will guide you through the process step by step.

Tool Call Response:
```json
{
    ""response_text"": ""To reset your password, please follow these instructions: \n1. Go to the login page.\n2. Click on the 'Forgot Password' link.\n3. Enter your account's email address.\n4. Check your email for a password reset link.\n5. Click on the link and follow the instructions to create a new password."",
    ""response_type"": ""solution"",
    ""next_steps"": []
}
```",conversation,1,2025-01-27T21:43:45.027868,I need help resetting my account password
6f1d4ec2-d4a5-4ac9-b242-27f35a7acc04,"My device is not connecting to the Wi-Fi network, what should I do?","I understand that you're having trouble connecting your device to the Wi-Fi network. To help you resolve this issue, I'll need to gather some information about your network setup.

First, let's ensure that your Wi-Fi network is visible and active. Please check if your Wi-Fi router is powered on and functioning properly. If the network is visible but you're still unable to connect, try restarting your device to see if that resolves the issue.

If the problem persists, please provide the following details so I can better assist you:
1. The exact make and model of your device
2. The Wi-Fi router make and model
3. Any error messages displayed on your device

Here's the formatted response:

```json
{
    ""response_text"": ""I understand that you're having trouble connecting your device to the Wi-Fi network. To help you resolve this issue, I'll need to gather some information about your network setup.\n\nFirst, let's ensure that your Wi-Fi network is visible and active. Please check if your Wi-Fi router is powered on and functioning properly. If the network is visible but you're still unable to connect, try restarting your device to see if that resolves the issue.\n\nIf the problem persists, please provide the following details so I can better assist you:\n1. The exact make and model of your device\n2. The Wi-Fi router make and model\n3. Any error messages displayed on your device"",
    ""response_type"": ""clarification"",
    ""next_steps"": [
        ""verify network visibility"",
        ""restart device"",
        ""gather device and network details""
    ]
}
```",conversation,1,2025-01-27T21:43:52.412259,"My device is not connecting to the Wi-Fi network, what should I do?"
e087b447-aae8-418b-8661-9120be81ebc7,My laptop won't turn on after the latest software update,"I'm sorry to hear that your laptop isn't turning on after the latest software update. I'll do my best to help you resolve this issue.

Tool Call Response:
```json
{
    ""response_text"": ""I understand that your laptop isn't turning on after the recent software update. To troubleshoot this issue, I'll need you to provide some additional information. Could you please confirm the make and model of your laptop?"",
    ""response_type"": ""clarification"",
    ""next_steps"": [
        ""verify laptop make and model"",
        ""check for any known issues related to the make and model"",
        ""guide user through a series of troubleshooting steps based on the specific laptop model""
    ]
}
```",conversation,2,2025-01-27T21:44:02.348286,My laptop won't turn on after the latest software update
b35466cd-276d-4b68-adfc-f1141cf4080d,"I need help with my recent billing statement, can you explain the charges?","I understand that you're seeking clarification about the charges on your recent billing statement. To provide you with an accurate explanation, I'll need to review your account details.

{
    ""response_text"": ""To help explain the charges on your billing statement, I'll need to review your account. Could you please provide the account number or the email address associated with the account?"",
    ""response_type"": ""clarification"",
    ""next_steps"": [
        ""review account details"",
        ""generate billing explanation""
    ]
}",conversation,2,2025-01-27T21:44:09.103909,"I need help with my recent billing statement, can you explain the charges?"
fa73098d-87d3-4fd8-aefb-ece5578a18ab,What are the key features of your new smartwatch model?,"Dear Customer,

Thank you for reaching out to us with your inquiry about our new smartwatch model. I'm delighted to provide you with more information on this exciting product.

Our new smartwatch model comes with the following key features:

1. **Advanced Health Monitoring:** The watch includes an SpO2 sensor for blood oxygen measurement, a heart rate monitor, and sleep tracking capabilities to help you stay on top of your health.

2. **Built-in GPS:** The smartwatch has a built-in GPS system, allowing you to track your runs, walks, or cycles without needing your phone.

3. **Music Controls:** You can control your music directly from the smartwatch, making it easier to switch tracks or adjust the volume during workouts.

4. **Water Resistance:** The watch is water-resistant up to 50 meters, making it suitable for swimming and other water activities.

5. **Long Battery Life:** The smartwatch boasts a long battery life, offering up to 14 days of usage in smartwatch mode and up to 30 hours in GPS mode.

6. **Customizable Watch Faces:** You can personalize your watch face with various designs and layouts to suit your style.

7. **Smart Notifications:** The watch supports smart notifications, allowing you to receive calls, messages, and app updates right on your wrist.

8. **Contactless Payments:** With the built-in NFC chip, you can make contactless payments using your smartwatch.

9. **Safety Features:** The smartwatch includes an SOS feature that lets you send an emergency alert to pre-set emergency contacts.

10. **Workout Modes:** The watch supports multiple workout modes, including running, cycling, swimming, and more, to help you track and improve your performance.

To proceed, I would like to clarify if you have any specific features you would like more information about or if you have any other questions regarding our smartwatch model.

Best regards,
[Your Name]

Next steps:
- Clarify any specific feature inquiries
- Provide additional product information if needed
- Assist with the purchasing process",conversation,2,2025-01-27T21:44:16.478083,What are the key features of your new smartwatch model?
d3e62ee5-6f8e-49d1-87c3-239bd86f1e1d,I need help resetting my account password,"I understand that you need assistance with resetting your account password. To help you with this, I'll guide you through our password reset process.

Tool Call Response:
```json
{
    ""response_text"": ""To reset your password, please follow these steps: \n1. Go to our login page. \n2. Click on the 'Forgot Password' link. \n3. Enter the email address associated with your account. \n4. Check your email for a password reset link. \n5. Click on the link and follow the instructions to create a new password."",
    ""response_type"": ""solution"",
    ""next_steps"": []
}
```",conversation,2,2025-01-27T21:44:27.434384,I need help resetting my account password
6f1d4ec2-d4a5-4ac9-b242-27f35a7acc04,"My device is not connecting to the Wi-Fi network, what should I do?","I understand that you're having trouble connecting your device to the Wi-Fi network. To help you resolve this issue, I'll need to gather some information about your network setup.

First, let's ensure that your Wi-Fi network is visible and active. Please check if your Wi-Fi router is powered on and if the network is visible on your device.

If the network is visible but you still can't connect, please provide the following details so I can better assist you:

1. The exact error message displayed, if any.
2. Your device's make and model.
3. The Wi-Fi router make and model.

Once I have this information, I can provide a more tailored solution for your situation.

Here are the next steps:

1. Verify Wi-Fi network visibility and activity.
2. Gather necessary details for further assistance.
3. Receive a tailored solution based on provided information.

Response type: clarification
Next steps:
- Verify Wi-Fi network visibility and activity
- Gather necessary details for further assistance
- Receive a tailored solution based on provided information",conversation,2,2025-01-27T21:44:34.598195,"My device is not connecting to the Wi-Fi network, what should I do?"
e087b447-aae8-418b-8661-9120be81ebc7,My laptop won't turn on after the latest software update,"I apologize to hear that you're having trouble with your laptop after the latest software update. I'd like to help you resolve this issue. To better understand the problem, could you please provide more details about the update and any error messages you encountered during the process?

Here's a general guideline to follow while we troubleshoot:

1. Boot in Safe Mode: Restart your laptop and press the F5 or F8 key during startup to enter Safe Mode. This will help us determine if a third-party application is causing the issue.
2. Check for Windows Updates: If you haven't already, run Windows Update again to ensure the update was properly installed.
3. System Restore: If the issue persists, try performing a system restore to revert your laptop to a previous state before the update.

Please let me know if these steps help or if you need further assistance.

```json
{
    ""response_text"": ""I apologize to hear that you're having trouble with your laptop after the latest software update. I'd like to help you resolve this issue. To better understand the problem, could you please provide more details about the update and any error messages you encountered during the process? Here's a general guideline to follow while we troubleshoot:\n\n1. Boot in Safe Mode: Restart your laptop and press the F5 or F8 key during startup to enter Safe Mode. This will help us determine if a third-party application is causing the issue.\n2. Check for Windows Updates: If you haven't already, run Windows Update again to ensure the update was properly installed.\n3. System Restore: If the issue persists, try performing a system restore to revert your laptop to a previous state before the update.\n\nPlease let me know if these steps help or if you need further assistance."",
    ""response_type"": ""solution"",
    ""next_steps"": [
        ""boot in safe mode"",
        ""check for windows updates"",
        ""perform system restore""
    ]
}
```",conversation,3,2025-01-27T21:44:43.914916,My laptop won't turn on after the latest software update
b35466cd-276d-4b68-adfc-f1141cf4080d,"I need help with my recent billing statement, can you explain the charges?","I understand that you're seeking clarification about the charges on your recent billing statement. To provide an accurate explanation, I'll need to review your account details. In the meantime, could you please confirm the date range of the billing statement in question? This will help me quickly locate the correct transactions and provide a clear answer.

{
    ""response_text"": ""To provide an accurate explanation of the charges on your recent billing statement, I'll need to review your account details. In the meantime, could you please confirm the date range of the billing statement in question? This will help me quickly locate the correct transactions and provide a clear answer."",
    ""response_type"": ""clarification"",
    ""next_steps"": [
        ""confirm billing statement date range""
    ]
}",conversation,3,2025-01-27T21:44:53.653609,"I need help with my recent billing statement, can you explain the charges?"
fa73098d-87d3-4fd8-aefb-ece5578a18ab,What are the key features of your new smartwatch model?,"Dear Customer,

Thank you for reaching out to us with your inquiry about our new smartwatch model. I'm delighted to provide you with more information on this exciting product.

Our latest smartwatch model comes with the following key features:

1. **Advanced Health Tracking:** The smartwatch includes an SpO2 sensor for blood oxygen monitoring, a sleep tracker, and a heart rate monitor, ensuring you're always in tune with your body's vital signs.

2. **Extended Battery Life:** With up to 14 days of battery life, you can enjoy using your smartwatch for a prolonged period without frequent charging.

3. **Customizable Watch Faces:** Personalize your smartwatch with various customizable watch faces, allowing you to match your style and preferences.

4. **Smart Notifications:** Stay connected with smart notifications for incoming calls, messages, and apps, right on your wrist.

5. **Water Resistance:** The smartwatch is water-resistant up to 50 meters, making it perfect for swimming and other water activities.

6. **Integrated GPS:** The built-in GPS allows you to track your runs, cycles, and walks with precision and accuracy.

7. **Music Controls:** Easily control your music on the go with dedicated music controls on the smartwatch.

8. **Safety Features:** The smartwatch includes safety features such as fall detection and an SOS alert, ensuring you're always safe and secure.

To proceed, I'd like to clarify if you have any specific features you're interested in learning more about or if you have any questions regarding the smartwatch.

Best regards,
[Your Name]

Next steps:
- Clarify specific features of interest
- Provide additional information on purchasing or technical support if needed",conversation,3,2025-01-27T21:45:01.944665,What are the key features of your new smartwatch model?
d3e62ee5-6f8e-49d1-87c3-239bd86f1e1d,I need help resetting my account password,"I understand that you need assistance with resetting your account password. To help you with this, I'll guide you through our password reset process.

Tool Call Response:
```json
{
    ""response_text"": ""To reset your password, please follow these steps: \n1. Go to our login page. \n2. Click on the 'Forgot Password' link. \n3. Enter the email address associated with your account. \n4. Check your email for a password reset link. \n5. Click on the link and follow the instructions to create a new password."",
    ""response_type"": ""solution"",
    ""next_steps"": []
}
```",conversation,3,2025-01-27T21:45:11.979234,I need help resetting my account password
6f1d4ec2-d4a5-4ac9-b242-27f35a7acc04,"My device is not connecting to the Wi-Fi network, what should I do?","I understand that you're having trouble connecting your device to the Wi-Fi network. To help you resolve this issue, I'll need to gather some information about your network setup.

First, let's ensure that your Wi-Fi network is visible and active. Please check if your Wi-Fi router is powered on and if the network is visible on your device.

If the network is visible but you still can't connect, please follow these steps:

1. Restart your device: This can often resolve temporary connectivity issues.
2. Check for Wi-Fi network conflicts: Make sure no other devices or networks in the vicinity have the same name as your Wi-Fi network.
3. Reset your Wi-Fi router: Unplug the router, wait for about 30 seconds, then plug it back in. This will restart the router and may resolve any connectivity issues.

If you've tried these steps and are still unable to connect, please provide the following information for further assistance:

- The exact make and model of your Wi-Fi router
- Your device's make and model
- The Wi-Fi network name (SSID)

With this information, I can help you troubleshoot the issue more effectively.

Tool Call Response:
{
    ""response_text"": ""I understand that you're having trouble connecting your device to the Wi-Fi network. To help you resolve this issue, I'll need to gather some information about your network setup. \n\nFirst, let's ensure that your Wi-Fi network is visible and active. Please check if your Wi-Fi router is powered on and if the network is visible on your device. \n\nIf the network is visible but you still can't connect, please follow these steps: \n\n1. Restart your device: This can often resolve temporary connectivity issues. \n2. Check for Wi-Fi network conflicts: Make sure no other devices or networks in the vicinity have the same name as your Wi-Fi network. \n3. Reset your Wi-Fi router: Unplug the router, wait for about 30 seconds, then plug it back in. This will restart the router and may resolve any connectivity issues. \n\nIf you've tried these steps and are still unable to connect, please provide the following information for further assistance: \n- The exact make and model of your Wi-Fi router \n- Your device's make and model \n- The Wi-Fi network name (SSID) \n\nWith this information, I can help you troubleshoot the issue more effectively."",
    ""response_type"": ""solution"",
    ""next_steps"": [
        ""confirm network visibility"",
        ""restart device"",
        ""check for network conflicts"",
        ""reset Wi-Fi router"",
        ""provide network information for further assistance""
    ]
}",conversation,3,2025-01-27T21:45:19.759860,"My device is not connecting to the Wi-Fi network, what should I do?"
