test_id,round,prompt,test_case,model_A_response,model_B_response
22dd09fc-873e-4771-ad89-dee1f7556b8d,1,Customer is experiencing issues with their laptop's Wi-Fi connectivity,json,None,"{    ""response_text"": ""I understand your concern about the Wi-Fi connectivity issue with your laptop. Let's work through this step by step to resolve the problem. First, I need to confirm a few details to better assist you."",
    ""response_type"": ""clarification"",
    ""next_steps"": [
        ""verify Wi-Fi is enabled on the laptop"",
        ""check for any network connection errors"",
        ""confirm the router is functioning properly"",
        ""run a network diagnostics test"",
        ""escalate to a technician if needed""
    ]
}"
22dd09fc-873e-4771-ad89-dee1f7556b8d,2,Customer is experiencing issues with their laptop's Wi-Fi connectivity,json,None,"{    ""response_text"": ""I understand your concern about the Wi-Fi connectivity issue with your laptop. Let me guide you through some troubleshooting steps to resolve this issue. First, ensure that the Wi-Fi is turned on and that you're within range of the router. Next, try resetting the network adapter by going to Command Prompt and entering 'ipconfig /release' followed by 'ipconfig /renew'. If that doesn't work, restart the router by unplugging it for about a minute and then plugging it back in. If the issue persists, check for Windows updates as outdated drivers can sometimes cause connectivity issues."",
    ""response_type"": ""solution"",
    ""next_steps"": [
        ""Ensure Wi-Fi is enabled and within range"",
        ""Reset network adapter using command prompt"",
        ""Restart the router"",
        ""Check for Windows updates""
    ]
}"
22dd09fc-873e-4771-ad89-dee1f7556b8d,3,Customer is experiencing issues with their laptop's Wi-Fi connectivity,json,None,"{    ""response_text"": ""I understand your concern regarding the Wi-Fi connectivity issue with your laptop. Let's work together to resolve this. First, I'll guide you through some troubleshooting steps to identify and fix the problem."",
    ""response_type"": ""solution"",
    ""next_steps"": [
        ""Ensure Wi-Fi is turned on and not disabled by a hardware switch or function key"",
        ""Reset the network adapter by opening Command Prompt and entering 'netsh winsock reset' followed by 'netsh int tcp reset'"",
        ""Reinstall the latest network drivers from the laptop manufacturer's website"",
        ""If issues persist, perform a system restore to a previous state when Wi-Fi was working"",
        ""If unresolved, escalate to a technician for further investigation""
    ]
}"
13050389-05aa-4a75-9484-4e095f960f05,1,Customer inquiring about an unexpected charge on their latest bill,json,None,"{    ""name"": ""process_customer_response"",
    ""arguments"": {
        ""response_text"": ""Thank you for reaching out regarding the unauthorized $49.99 charge on your February 20th bill. I understand how concerning this must be, and I'm here to help resolve this for you. To assist you effectively, could you please provide the transaction reference number and any additional details you may have about this charge?"",
        ""response_type"": ""clarification"",
        ""next_steps"": [
            ""verify account ownership"",
            ""confirm transaction details"",
            ""investigate charge origin"",
            ""process dispute form"",
            ""apply temporary credit while investigating""
        ]
    }
}"
13050389-05aa-4a75-9484-4e095f960f05,2,Customer inquiring about an unexpected charge on their latest bill,json,None,"{    ""name"": ""process_customer_response"",
    ""arguments"": {
        ""response_text"": ""Thank you for reaching out regarding the unauthorized $49.99 charge on your February 20th bill. I understand how concerning this must be, and I'm here to help resolve this for you. To assist you effectively, could you please provide the transaction reference number and any additional details you may have about this charge?"",
        ""response_type"": ""clarification"",
        ""next_steps"": [
            ""verify account ownership"",
            ""confirm transaction details"",
            ""investigate charge origin"",
            ""process dispute form"",
            ""apply temporary credit while investigating""
        ]
    }
}"
13050389-05aa-4a75-9484-4e095f960f05,3,Customer inquiring about an unexpected charge on their latest bill,json,None,"{    ""name"": ""process_customer_response"",
    ""arguments"": {
        ""response_text"": ""Thank you for reaching out regarding the unauthorized $49.99 charge on your February 20th bill. I understand how concerning this must be, and I'm here to help resolve this for you. To assist you effectively, could you please provide the transaction reference number and any additional details you may have about this charge?"",
        ""response_type"": ""clarification"",
        ""next_steps"": [
            ""verify account ownership"",
            ""confirm transaction details"",
            ""investigate charge origin"",
            ""process dispute form"",
            ""apply temporary credit while investigating""
        ]
    }
}"
fc6bf43a-caac-4373-b977-9f930f89bc89,1,I have a question about the recent charge on my credit card statement.,conversation,"<think>
Okay, so the customer is asking about a recent charge on their credit card statement. I need to figure out how to respond using the process_customer_response tool. Let me start by understanding the query. They're concerned about a charge, which could mean they don't recognize it or think it's unauthorized.

First, I should acknowledge their concern to show empathy. It's important to make them feel heard. Then, I need to ask for more details to investigate. Without knowing the date, amount, or any other specifics, it's hard to look into the charge.

I remember the tool requires structuring the response with response_text, response_type, and next_steps. The response type here should be ""clarification"" because I need more information from the customer. 

In the response_text, I'll ask for the date and amount of the charge. Maybe also if there are any other details they can provide, like the merchant name or location. This will help in identifying the transaction.

For next_steps, I'll outline what happens after they provide the information. First, I'll review the transaction details, then check if it's authorized, and finally, if it's unauthorized, assist them with the dispute process.

I need to make sure the response is professional and clear. Also, the next steps should be logical and easy to follow. I should avoid any jargon and keep the language simple.

Let me put it all together. I'll start by thanking them for reaching out, then ask for the specific details. Then, outline the steps I'll take once I have that information. I'll make sure to include placeholders for the variables like [date] and [amount] so the tool can process it correctly.

I think that covers everything. The response should be structured properly, with the correct response type and clear next steps. I just need to ensure the JSON formatting is correct so the tool doesn't throw any errors.
</think>

{
    ""response_text"": ""Thank you for reaching out. I'd be happy to help you with the recent charge on your credit card statement. Could you please provide me with the date and amount of the charge in question, as well as any other relevant details?"",
    ""response_type"": ""clarification"",
    ""next_steps"": [
        ""Review the transaction details provided by the customer"",
        ""Verify the authenticity of the charge"",
        ""Assist with the dispute process if the charge is unauthorized""
    ]
}","<think>
Okay, so the customer is asking about a recent charge on their credit card statement. I need to figure out how to respond appropriately. First, I should acknowledge their concern and thank them for reaching out. It's important to show that we're here to help.

Next, I need to determine what information is necessary to assist them. Since the charge is on their credit card, I should ask for the specific date and amount of the charge. This will help me look it up in our system. Also, knowing the transaction reference number, if they have one, would be really helpful. If they don't have it, that's okay, but having it can speed up the process.

I should structure the response to be clear and professional. I'll use the process_customer_response tool to format the response correctly. The response type here should be ""clarification"" because we need more details from the customer before we can provide a solution.

In the next steps, I'll outline what I'll do once I receive the additional information. This includes looking up the transaction, verifying the details, and then providing an explanation. If there's an issue, I'll offer to resolve it, which shows proactive support.

I should make sure the response is concise but thorough, ensuring the customer feels heard and understood. It's also important to maintain a professional tone throughout the interaction to build trust.

So, putting it all together, I'll draft a response that thanks them, asks for the necessary details, and outlines the next steps. This approach should effectively address their query and lead to a resolution.
</think>

{
    ""response_text"": ""Thank you for reaching out regarding the recent charge on your credit card statement. To assist you effectively, could you please provide the date of the charge and the amount? Additionally, if you have the transaction reference number, that would be helpful. Once I have this information, I will look into it for you."",
    ""response_type"": ""clarification"",
    ""next_steps"": [
        ""Review the provided details to locate the transaction"",
        ""Verify the transaction details and provide an explanation"",
        ""Offer assistance to resolve any issues if necessary""
    ]
}"
fc6bf43a-caac-4373-b977-9f930f89bc89,2,I have a question about the recent charge on my credit card statement.,conversation,"<think>
Okay, so the customer is asking about a recent charge on their credit card statement. I need to figure out how to respond appropriately using the process_customer_response tool. Let me break this down step by step.

First, I should acknowledge their concern. It's important to show that I understand they're reaching out about something specific and potentially worrying. So, I'll start by thanking them for bringing it to my attention.

Next, I need to determine the type of response. Since they're asking about a charge, I might not have enough information to provide a direct answer right away. I'll probably need more details to investigate further. That means the response type should be ""clarification.""

Now, structuring the response. I should ask for specific information that will help me assist them better. The necessary details include the date of the charge, the amount, and the name of the merchant if possible. This will allow me to look into the matter more effectively.

I also need to include clear next steps. These should outline what the customer can expect after providing the information. So, the next steps would be to review the transaction details, investigate the charge, and then provide an update or resolution based on the findings.

I should make sure the response is professional and solution-focused. The customer is likely concerned about an unexpected charge, so it's important to reassure them that I'm here to help resolve the issue.

Lastly, I need to ensure that the response adheres to the formatting requirements. Proper punctuation and grammar are essential, and the structure should be logical and easy to follow.

Putting it all together, the response should acknowledge the customer's concern, request the necessary details, outline the next steps, and maintain a professional tone throughout.
</think>

{
    ""response_text"": ""Thank you for reaching out about the recent charge on your credit card statement. To assist you effectively, could you please provide the date and amount of the charge, as well as the merchant's name if available? This information will help me investigate further."",
    ""response_type"": ""clarification"",
    ""next_steps"": [
        ""Review the transaction details provided by the customer"",
        ""Investigate the charge with the relevant department"",
        ""Provide an update or resolution based on the findings""
    ]
}","<think>
Alright, let's break down how I approached this customer's inquiry. The customer mentioned a recent charge on their credit card statement, so my first thought is they're likely confused or concerned about an unexpected transaction. 

I started by acknowledging their concern to make them feel heard. It's important to show empathy right away. Next, I realized I needed more details to assist them effectively. Without specifics like the date, amount, or merchant name, I can't provide a meaningful solution. So, I structured the response to request this information.

I considered the possible reasons for the chargeâ€”maybe it's a one-time fee, a subscription they forgot about, or even a fraudulent transaction. By asking for the necessary details, I can better diagnose the issue. 

I also thought about the next steps. Once I have the information, I can check our records, contact the relevant department if needed, and provide a clear explanation or resolution. It's crucial to keep the customer informed throughout the process to maintain trust.

I made sure the response was professional and solution-focused, avoiding any technical jargon. The tone was friendly yet formal, which is essential for customer service. I also included a prompt for them to provide the details, encouraging them to reach out again if they need further assistance.

Overall, the goal was to gather the necessary information efficiently while reassuring the customer that their issue is being taken seriously and will be resolved promptly.
</think>

{
    ""response_text"": ""Thank you for reaching out regarding the recent charge on your credit card statement. To assist you effectively, could you please provide the following details about the charge:\n\n- Date of the charge\n- Amount of the charge\n- Merchant or description of the charge\n\nThis information will help me investigate and provide you with a clear explanation."",
    ""response_type"": ""clarification"",
    ""next_steps"": [
        ""gather charge details"",
        ""investigate the charge"",
        ""provide a detailed explanation""
    ]
}"
fc6bf43a-caac-4373-b977-9f930f89bc89,3,I have a question about the recent charge on my credit card statement.,conversation,"<think>
Okay, so the customer is asking about a recent charge on their credit card statement. I need to figure out how to respond using the process_customer_response tool. Let me break this down.

First, I should acknowledge their concern. It's important to show that I understand they're reaching out about something specific. Then, I need to determine the response type. Since they're asking about a charge, I probably need more information to assist them properly. So the response type should be ""clarification.""

Next, I should structure the response. I'll start by thanking them for reaching out and then ask for the necessary details. The details I need are the date of the charge and the amount. This will help me look into it further.

I also need to include next steps. These should outline what I'll do after they provide the information. So, the next steps would be to review the charge, verify the transaction details, and then contact them with an update.

I have to make sure the response is professional and clear. I should avoid any jargon and keep it straightforward. Also, I need to ensure that the response follows the required format exactly, with proper punctuation and grammar.

Wait, let me double-check the tool's requirements. The response should have a response_text, response_type, and next_steps. The response_text should include the acknowledgment and the request for information. The response_type is ""clarification"" because I'm asking for more details. The next_steps should be a list of actions I'll take after receiving the information.

I think that covers everything. Now, I'll structure the response accordingly, making sure it's concise and meets all the specified criteria.
</think>

{
    ""response_text"": ""Thank you for reaching out. I'd be happy to help you with the recent charge on your credit card statement. Could you please provide the date and amount of the charge so I can look into this further for you?"",
    ""response_type"": ""clarification"",
    ""next_steps"": [
        ""Review the charge details"",
        ""Verify the transaction"",
        ""Contact you with an update""
    ]
}","<think>
Okay, so I'm trying to help this customer who's asking about a recent charge on their credit card statement. Let me break down what I need to do step by step.

First, I need to acknowledge their concern. They're probably confused or worried about an unexpected charge, so I should start by thanking them for reaching out and expressing that I'm here to help.

Next, I need to figure out what information I need from them to look into the issue. The charge could be from a variety of places, so asking for the specific date, amount, and description of the charge will help me narrow it down. This way, I can provide a more accurate and helpful response.

I should also let them know what steps I'll take once I have the necessary information. Mentioning that I'll review their account, verify the transaction, and provide a detailed explanation shows that I'm proactive and taking their issue seriously.

I need to make sure my response is clear and professional. Using proper grammar and structure is important to maintain a good impression. Also, I should avoid any technical jargon that might confuse the customer.

I should also consider the possible response types. In this case, since I need more information, the response type should be ""clarification."" This means I'm asking for more details before I can provide a full solution.

Including next steps is crucial. I should outline what I'll do once I receive the additional information. This helps set expectations and keeps the customer informed about the process.

I also need to ensure that my response is solution-focused. Even though I'm asking for more details, the customer should feel confident that once I have the information, I'll be able to resolve their issue.

Lastly, I should make sure the response is concise but thorough. I don't want to overwhelm them with too much information, but I also need to cover all necessary points to help them effectively.

Putting it all together, I'll structure the response to first acknowledge their concern, then ask for the specific details, and finally explain the next steps I'll take once I have that information. This approach should make the customer feel heard and supported throughout the process.
</think>

{
    ""response_text"": ""Thank you for reaching out regarding the recent charge on your credit card statement. To assist you effectively, could you please provide the specific date, amount, and a brief description of the charge in question? This information will help me investigate and provide you with a detailed explanation."",
    ""response_type"": ""clarification"",
    ""next_steps"": [
        ""Review the customer's account details"",
        ""Verify the transaction details"",
        ""Provide a detailed explanation of the charge""
    ]
}"
fc8f8467-b19e-4d67-9c44-75cfb238c9f5,1,Customer is experiencing issues with their laptop's Wi-Fi connectivity,json,None,"{    ""response_text"": ""I understand your concern about the Wi-Fi connectivity issue with your laptop. Let me guide you through some troubleshooting steps to resolve this issue. First, ensure that the Wi-Fi is turned on and that you're within range of the router. Next, try resetting the network adapter by going to Command Prompt and entering 'ipconfig /release' followed by 'ipconfig /renew'. If this doesn't work, restart the router by unplugging it for about a minute and then plugging it back in. If the issue persists, check for Windows updates as outdated drivers can sometimes cause connectivity issues."",
    ""response_type"": ""solution"",
    ""next_steps"": [
        ""Ensure Wi-Fi is enabled and within range"",
        ""Reset network adapter using command prompt"",
        ""Restart the router"",
        ""Check for Windows updates""
    ]
}"
fc8f8467-b19e-4d67-9c44-75cfb238c9f5,2,Customer is experiencing issues with their laptop's Wi-Fi connectivity,json,None,"{    ""response_text"": ""I understand your concern about the Wi-Fi connectivity issue with your laptop. Let me guide you through some troubleshooting steps to resolve this issue. First, ensure that the Wi-Fi is turned on and that you're within range of the router. Next, try resetting the network adapter by going to Command Prompt and entering 'ipconfig /release' followed by 'ipconfig /renew'. If this doesn't work, restart the router by unplugging it for about a minute and then plugging it back in. If the issue persists, check for Windows updates as outdated drivers can sometimes cause connectivity issues."",
    ""response_type"": ""solution"",
    ""next_steps"": [
        ""Ensure Wi-Fi is enabled and within range"",
        ""Reset network adapter using command prompt"",
        ""Restart the router"",
        ""Check for Windows updates""
    ]
}"
fc8f8467-b19e-4d67-9c44-75cfb238c9f5,3,Customer is experiencing issues with their laptop's Wi-Fi connectivity,json,None,"{    ""response_text"": ""I understand your concern about the Wi-Fi connectivity issue with your laptop. Let me guide you through some troubleshooting steps to resolve this issue. First, ensure that the Wi-Fi is turned on and that you're within range of the router. Next, try resetting the network adapter by going to Command Prompt and entering 'ipconfig /release' followed by 'ipconfig /renew'. If that doesn't work, restart the router by unplugging it for about a minute and then plugging it back in. If the issue persists, check for Windows updates as outdated drivers can sometimes cause connectivity issues."",
    ""response_type"": ""solution"",
    ""next_steps"": [
        ""Ensure Wi-Fi is enabled and within range"",
        ""Reset network adapter using command prompt"",
        ""Restart the router"",
        ""Check for Windows updates""
    ]
}"
1598c14e-82d6-491e-9042-3d3316d86e1c,1,Customer inquiring about an unexpected charge on their latest bill,json,None,"{    ""response_text"": ""I understand you're seeing a $49.99 charge on your March 10th bill that you didn't expect. I want to help resolve this for you. Could you please provide the exact date of the charge and a brief description of the service or item charged?"",
    ""response_type"": ""clarification"",
    ""next_steps"": [
        ""verify account ownership"",
        ""confirm transaction details"",
        ""investigate charge origin"",
        ""process dispute form"",
        ""apply temporary credit while investigating""
    ]
}"
1598c14e-82d6-491e-9042-3d3316d86e1c,2,Customer inquiring about an unexpected charge on their latest bill,json,None,"{    ""name"": ""process_customer_response"",
    ""arguments"": {
        ""response_text"": ""Thank you for reaching out regarding the unauthorized $49.99 charge on your March 10th bill. I understand how concerning this must be, and I'm here to help resolve this for you. To assist you effectively, I need to verify a few details. Could you please confirm the exact date and description of the charge as it appears on your bill? Additionally, have you recently made any changes to your account or authorized any new services?"",
        ""response_type"": ""clarification"",
        ""next_steps"": [
            ""verify account ownership"",
            ""confirm transaction details"",
            ""investigate charge origin"",
            ""process dispute form"",
            ""apply temporary credit while investigating""
        ]
    }
}"
1598c14e-82d6-491e-9042-3d3316d86e1c,3,Customer inquiring about an unexpected charge on their latest bill,json,None,"{    ""response_text"": ""I understand you're seeing a $49.99 charge on your March 10th bill that you didn't expect. I want to help resolve this for you. Could you please provide the exact date of the charge and a brief description of the service or item charged?"",
    ""response_type"": ""clarification"",
    ""next_steps"": [
        ""verify account ownership"",
        ""confirm transaction details"",
        ""investigate charge origin"",
        ""process dispute form"",
        ""apply temporary credit while investigating""
    ]
}"
2f902206-a376-41d2-9abf-aafe4e23eb74,1,"My computer is not connecting to the Wi-Fi network, can you help me troubleshoot?",conversation,"<think>
Okay, so the customer is having trouble connecting their computer to the Wi-Fi network. I need to help them troubleshoot this issue. Let me think about the possible causes and how to address them step by step.

First, I should acknowledge their concern to show empathy. Then, I'll outline some common troubleshooting steps. Maybe start with the basics, like checking the Wi-Fi settings to ensure it's turned on and the correct network is selected. Sometimes, the Wi-Fi might be disabled, or they could be connected to a different network.

Next, restarting the router is a classic fix. It often resolves connectivity issues because it resets the connection and can clear any temporary glitches. I'll suggest that they unplug the router, wait about 30 seconds, and then plug it back in. That should give it enough time to reset properly.

After that, checking the Wi-Fi password is important. They might have entered it incorrectly, especially if they've changed it recently or if they're connecting a new device. I'll ask them to verify the password and re-enter it if necessary.

If those steps don't work, moving the computer closer to the router could help. Physical obstructions or distance can weaken the signal, so being in close proximity might improve the connection.

If none of these steps resolve the issue, it might be more complex. In that case, I should offer further assistance, like looking into specific error messages or device settings. It's important to keep the tone professional and reassuring, letting them know I'm here to help if they need more support.

I should structure the response clearly, listing each step in order so they can follow along easily. Also, I'll make sure to include next steps like checking the network name, restarting the router, verifying the password, and repositioning the computer. If they still have trouble, I'll prompt them to provide more details for further help.

I need to ensure the response is concise but thorough, avoiding any technical jargon that might confuse them. Keeping it friendly and solution-focused will help the customer feel supported and guided through the troubleshooting process.
</think>

Certainly! Let's go through some troubleshooting steps to resolve your Wi-Fi connectivity issue.

1. **Check Wi-Fi Settings**: Ensure your Wi-Fi is enabled and that you're connected to the correct network.

2. **Restart Your Router**: Power cycle your router by unplugging it, waiting 30 seconds, then plugging it back in.

3. **Verify Wi-Fi Password**: Confirm that you're using the correct password. If unsure, try re-entering it.

4. **Check Signal Strength**: Move your computer closer to the router to improve signal strength.

If these steps don't resolve the issue, please provide more details such as any error messages or the operating system you're using. I'm here to assist further!","<think>
Okay, so the customer is having trouble connecting their computer to the Wi-Fi network. I need to figure out how to help them. Let me start by acknowledging their issue and showing empathy. It's important they feel heard.

Next, I should guide them through some basic troubleshooting steps. Maybe they can try restarting their router or modem. That often fixes connectivity issues. I'll suggest unplugging it for about 30 seconds and then plugging it back in. 

Then, I should check if their Wi-Fi is turned on. Sometimes, especially on laptops, the Wi-Fi switch might be off. Also, ensuring the Wi-Fi icon is active in their system tray is a good step. 

Another common issue is the network drivers. Outdated or corrupted drivers can cause problems. I can suggest they go to Device Manager, find the network adapter, and update the drivers. 

If these steps don't work, I should ask for more details. Knowing the exact error message or if other devices are connecting can help narrow down the problem. 

I need to structure this in a clear, step-by-step manner. Each step should be simple and actionable. I'll make sure to include all possible solutions and next steps if the problem persists. 

Finally, I'll end with an offer to help further, showing that I'm here to assist them until the issue is resolved. Keeping the tone professional and supportive is key.
</think>

{
    ""response_text"": ""I'm sorry to hear you're having trouble connecting to the Wi-Fi network. Let's work through this together. First, could you confirm if the Wi-Fi is turned on and if you're within range of the router? Also, could you check if other devices are able to connect to the network?"",
    ""response_type"": ""clarification"",
    ""next_steps"": [
        ""Check if Wi-Fi is enabled on the computer"",
        ""Ensure the computer is within range of the router"",
        ""Verify if other devices can connect to the network""
    ]
}"
2f902206-a376-41d2-9abf-aafe4e23eb74,2,"My computer is not connecting to the Wi-Fi network, can you help me troubleshoot?",conversation,"<think>
Okay, so the customer is having trouble connecting their computer to the Wi-Fi network. I need to help them troubleshoot this issue. Let me think about the possible causes and how to address them step by step.

First, I should acknowledge their problem and express willingness to help. Then, I'll outline some common troubleshooting steps. Maybe start with the basics, like checking the Wi-Fi settings to ensure it's turned on and the correct network is selected. Sometimes, the Wi-Fi might be off, or the computer is connected to a different network.

Next, restarting the router is a classic fix. It often resolves connectivity issues because it resets the connection and can clear any temporary glitches. I should suggest that they unplug the router, wait a bit, and then plug it back in.

If that doesn't work, checking the Wi-Fi password is a good next step. The customer might have entered the wrong password, so verifying it with their internet service provider or the network administrator would be helpful.

Then, I should consider the physical aspects. The distance from the router can affect the signal strength. Moving closer might improve the connection. Also, other devices can interfere with the signal, so reducing interference from devices like cordless phones or microwaves could help.

If none of these steps work, resetting the network settings on the computer might be necessary. This can sometimes fix configuration issues that are preventing the connection.

Finally, if all else fails, contacting the internet service provider is the next logical step. There might be an outage or a problem on their end that needs to be addressed.

I should structure these steps clearly and professionally, making sure each is easy to follow. Also, I need to include the next steps in the response so the customer knows what to do after each action. Keeping the tone empathetic and solution-focused will help the customer feel supported throughout the process.
</think>

{
    ""response_text"": ""I'm sorry to hear you're having trouble connecting to the Wi-Fi network. Let's work through this step by step to resolve the issue. First, please ensure your Wi-Fi is enabled and that you're connected to the correct network. If you're still having trouble, try restarting your router. If the issue persists, check that you're using the correct Wi-Fi password. If none of these steps work, please move closer to the router to improve signal strength and reduce interference from other devices. If you're still experiencing issues, resetting your network settings might help. If all else fails, contact your internet service provider to check for any outages or issues on their end."",
    ""response_type"": ""solution"",
    ""next_steps"": [
        ""Ensure Wi-Fi is enabled and correct network is selected"",
        ""Restart the router"",
        ""Verify Wi-Fi password"",
        ""Move closer to the router and reduce interference"",
        ""Reset network settings if necessary"",
        ""Contact internet service provider if issue persists""
    ]
}","<think>
Okay, so the customer is having trouble connecting their computer to the Wi-Fi network. I need to figure out how to help them. Let me start by acknowledging their issue and showing empathy. It's important they feel heard.

Next, I should guide them through some basic troubleshooting steps. Maybe they can try restarting their router. That often fixes connectivity issues. I'll mention that and explain how to do it. Then, checking the Wi-Fi password is another common step. They might have mistyped it, so I'll ask them to verify that.

I should also suggest they check their network settings to ensure they're on the correct network. Sometimes, especially in areas with multiple networks, the computer might connect to the wrong one. Additionally, maybe their device's Wi-Fi adapter isn't working properly. Restarting the computer could help with that.

I need to phrase all this in a clear, step-by-step manner. Each step should be simple and actionable. After they try these steps, I should ask if the issue is resolved. If not, I'll need more details to further diagnose the problem. That way, I can provide more specific help.

I should make sure my response is professional and supportive, avoiding any technical jargon that might confuse them. The goal is to empower them to solve the issue themselves if possible, but also be ready to assist further if needed.

Let me structure this into a response. I'll start with an acknowledgment, then list the steps clearly, and end with a question to see if they need more help. That should cover everything the customer needs to know and keep the conversation moving forward.
</think>

{
    ""response_text"": ""I'm sorry to hear you're having trouble connecting to the Wi-Fi network. Let's try to resolve this issue. First, please ensure your Wi-Fi is turned on and that you're within range of the router. Next, try restarting your computer and the router by unplugging the router for about 30 seconds and then plugging it back in. After that, check if you're entering the correct Wi-Fi password. If you're still unable to connect, we can explore further solutions. Could you confirm if you've tried these steps?"",
    ""response_type"": ""solution"",
    ""next_steps"": [
        ""Restart the router"",
        ""Check the Wi-Fi password"",
        ""Ensure Wi-Fi is enabled"",
        ""Restart the computer""
    ]
}"
2f902206-a376-41d2-9abf-aafe4e23eb74,3,"My computer is not connecting to the Wi-Fi network, can you help me troubleshoot?",conversation,"<think>
Okay, so the customer is having trouble connecting their computer to the Wi-Fi network. I need to help them troubleshoot this issue. Let me think about the possible causes and how to address them step by step.

First, I should acknowledge their problem and express willingness to help. Then, I'll outline some common troubleshooting steps. Maybe start with the basics, like checking the Wi-Fi settings to ensure it's turned on and the correct network is selected. Sometimes, the Wi-Fi might be off, or the computer is connected to a different network.

Next, restarting the router is a classic fix. It often resolves connectivity issues because it resets the connection and can clear any temporary glitches. I should suggest that they unplug the router, wait a bit, and then plug it back in.

If that doesn't work, checking the Wi-Fi password is a good next step. The customer might have entered the wrong password, so verifying it with their internet service provider or the network administrator would be helpful.

Then, I should consider the physical aspects. The distance from the router can affect the signal strength. Moving closer might improve the connection. Also, other devices can interfere with the signal, so reducing interference from devices like cordless phones or microwaves could help.

If none of these steps work, resetting the network settings on the computer might be necessary. This can sometimes fix configuration issues that are preventing the connection.

Finally, if all else fails, contacting the internet service provider is the next logical step. There might be an outage or a problem on their end that needs to be addressed.

I should structure these steps clearly and professionally, making sure each is easy to follow. Also, I need to include the next steps in the response so the customer knows what to do after each action. Keeping the tone empathetic and solution-focused will help the customer feel supported throughout the process.
</think>

{
    ""response_text"": ""I'm sorry to hear you're having trouble connecting to the Wi-Fi network. Let's work through this step by step to resolve the issue. First, please ensure your Wi-Fi is enabled and that you're connected to the correct network. If you're still having trouble, try restarting your router. If the issue persists, check that you're using the correct Wi-Fi password. If none of these steps work, please move closer to the router to improve signal strength and reduce interference from other devices. If you're still experiencing issues, resetting your network settings might help. If all else fails, contact your internet service provider to check for any outages or issues on their end."",
    ""response_type"": ""solution"",
    ""next_steps"": [
        ""Ensure Wi-Fi is enabled and correct network is selected"",
        ""Restart the router"",
        ""Verify Wi-Fi password"",
        ""Move closer to the router and reduce interference"",
        ""Reset network settings if necessary"",
        ""Contact internet service provider if issue persists""
    ]
}","<think>
Okay, so the customer is having trouble connecting their computer to the Wi-Fi network. I need to figure out how to help them. Let me start by acknowledging their issue and showing empathy. It's important they feel heard.

Next, I should guide them through some basic troubleshooting steps. I'll list each step clearly so it's easy to follow. First, checking if the Wi-Fi is turned on and if the network is visible. That's a common issue, so it's a good starting point.

Then, I'll suggest restarting the router and computer. Sometimes a simple reboot can fix connectivity problems. After that, they should check the network settings to ensure everything is correct, like the password and network name.

If those steps don't work, I'll ask them to run a network troubleshooter. Most operating systems have built-in tools that can diagnose issues. Finally, if all else fails, I'll offer to escalate the issue for further assistance.

I need to make sure the response is professional and solution-focused. Including clear next steps will help the customer take action. I'll structure the response using the process_customer_response tool, ensuring it's in the correct format with all necessary fields.

I should also keep the language clear and avoid technical jargon as much as possible. The goal is to empower the customer to resolve the issue themselves, but also provide support if they can't. I'll end by asking if they need more help, showing willingness to assist further.
</think>

{
    ""response_text"": ""I'm sorry to hear you're having trouble connecting to the Wi-Fi network. Let's work through some troubleshooting steps to resolve this issue. Please try the following steps in order:"",
    ""response_type"": ""solution"",
    ""next_steps"": [
        ""Check that Wi-Fi is turned on and that the network is visible in your device's list of available networks."",
        ""Restart your computer and the router by unplugging the router for about 30 seconds, then plugging it back in."",
        ""Ensure that you're entering the correct Wi-Fi password and that the network name is accurate."",
        ""If the issue persists, run a network troubleshooter on your computer. If you're using Windows, you can do this by searching for 'network troubleshooter' in the Start menu. For Mac, you can use the built-in Network Diagnostics tool."",
        ""If you're still unable to connect, please let me know and I can escalate this for further assistance.""
    ]
}"
